PLAYER_ID,PLAYER,TEAM,AGE,HEIGHT,HEIGHT_IN,WEIGHT,POSITION
1630639,A.J. Lawson,TOR,24.0,6-6,78,179,Guard
1631260,AJ Green,MIL,25.0,6-4,76,190,Guard
1642358,AJ Johnson,WAS,20.0,6-5,77,160,Guard
203932,Aaron Gordon,DEN,29.0,6-8,80,235,Forward
1628988,Aaron Holiday,HOU,28.0,6-0,72,185,Guard
1630174,Aaron Nesmith,IND,25.0,6-6,78,215,Guard-Forward
1630598,Aaron Wiggins,OKC,26.0,6-5,77,190,Guard
1641745,Adam Flagler,OKC,25.0,6-3,75,180,Guard
1641766,Adama Sanogo,CHI,23.0,6-9,81,245,Forward
1641737,Adem Bona,PHI,22.0,6-10,82,235,Forward
1642349,Ajay Mitchell,OKC,23.0,6-5,77,190,Guard
201143,Al Horford,BOS,39.0,6-9,81,240,Center-Forward
202692,Alec Burks,MIA,33.0,6-5,77,214,Guard
1627936,Alex Caruso,OKC,31.0,6-5,77,186,Guard
1642505,Alex Ducas,OKC,24.0,6-7,79,220,Guard
203458,Alex Len,LAL,32.0,7-0,84,250,Center
1642024,Alex Reese,PHI,26.0,6-9,81,245,Forward-Center
1642259,Alex Sarr,WAS,20.0,7-0,84,205,Center
1631214,Alondes Williams,LAC,26.0,6-4,76,210,Guard
1630578,Alperen Sengun,HOU,22.0,6-11,83,243,Center
1641708,Amen Thompson,HOU,22.0,6-7,79,200,Guard-Forward
1629599,Amir Coffey,LAC,28.0,6-7,79,210,Guard-Forward
203083,Andre Drummond,PHI,31.0,6-11,83,279,Center
1641748,Andre Jackson Jr.,MIL,23.0,6-6,78,209,Guard
1629614,Andrew Nembhard,IND,25.0,6-4,76,191,Guard-Forward
203952,Andrew Wiggins,MIA,30.0,6-7,79,197,Forward
1629014,Anfernee Simons,POR,26.0,6-3,75,200,Guard
1641710,Anthony Black,ORL,21.0,6-7,79,200,Guard
203076,Anthony Davis,DAL,32.0,6-10,82,253,Forward-Center
1630162,Anthony Edwards,MIN,23.0,6-4,76,225,Guard
1630264,Anthony Gill,WAS,32.0,6-8,80,230,Forward
1641817,Anton Watson,NYK,24.0,6-8,80,225,Forward
1641810,Antonio Reeves,NOP,24.0,6-5,77,205,Guard
1630574,Ariel Hukporti,NYK,23.0,6-11,83,246,Center
1642422,Armel Traore,LAL,22.0,6-9,81,245,Forward
1641709,Ausar Thompson,DET,22.0,6-6,78,205,Guard-Forward
1630559,Austin Reaves,LAL,27.0,6-5,77,197,Guard
1630245,Ayo Dosunmu,CHI,25.0,6-5,77,200,Guard
1628389,Bam Adebayo,MIA,27.0,6-9,81,255,Center-Forward
1631248,Baylor Scheierman,BOS,24.0,6-6,78,205,Guard
1641767,Ben Sheppard,IND,23.0,6-6,78,190,Guard
1627732,Ben Simmons,LAC,28.0,6-10,82,240,Guard-Forward
1631097,Bennedict Mathurin,IND,23.0,6-5,77,210,Guard-Forward
1641731,Bilal Coulibaly,WAS,20.0,6-8,80,195,Guard
202687,Bismack Biyombo,SAS,32.0,6-8,80,255,Center
1631104,Blake Wesley,SAS,22.0,6-3,75,185,Guard
1626171,Bobby Portis,MIL,30.0,6-10,82,250,Forward
1641752,Bobi Klintman,DET,22.0,6-9,81,225,Forward
203992,Bogdan Bogdanović,LAC,32.0,6-5,77,225,Guard
1629626,Bol Bol,PHX,25.0,7-3,87,220,Center-Forward
1630538,Bones Hyland,MIN,24.0,6-2,74,169,Guard
203078,Bradley Beal,PHX,32.0,6-4,76,207,Guard
1642382,Branden Carlson,OKC,26.0,7-0,84,220,Center
1641764,Brandin Podziemski,GSW,22.0,6-4,76,205,Guard
1630527,Brandon Boston,NOP,23.0,6-6,78,188,Guard
1629634,Brandon Clarke,MEM,28.0,6-8,80,215,Forward
1627742,Brandon Ingram,TOR,27.0,6-8,80,190,Forward
1641706,Brandon Miller,CHA,22.0,6-7,79,200,Forward
1630314,Brandon Williams,DAL,25.0,6-1,73,190,Guard
1630296,Braxton Key,GSW,28.0,6-8,80,225,Forward
1641729,Brice Sensabaugh,UTA,21.0,6-5,77,235,Forward
1642355,Bronny James,LAL,20.0,6-3,75,210,Guard
201572,Brook Lopez,MIL,37.0,7-1,85,282,Center
1628971,Bruce Brown,NOP,28.0,6-4,76,202,Guard-Forward
1628981,Bruno Fernando,TOR,26.0,6-9,81,240,Forward-Center
1631121,Bryce McGowens,POR,22.0,6-6,78,190,Guard
1642267,Bub Carrington,WAS,19.0,6-4,76,190,Guard
1627741,Buddy Hield,GSW,32.0,6-4,76,220,Guard
203468,CJ McCollum,NOP,33.0,6-3,75,190,Guard
1630595,Cade Cunningham,DET,23.0,6-6,78,220,Guard
1631216,Caleb Houstan,ORL,22.0,6-8,80,205,Guard
1628997,Caleb Martin,DAL,29.0,6-5,77,205,Forward
1642353,Cam Christie,LAC,19.0,6-6,78,190,Guard
1629629,Cam Reddish,LAL,25.0,6-7,79,217,Forward-Guard
1642285,Cam Spencer,MEM,25.0,6-4,76,205,Guard
1630560,Cam Thomas,BKN,23.0,6-3,75,210,Guard
1641715,Cam Whitmore,HOU,20.0,6-7,79,230,Forward
1629661,Cameron Johnson,BKN,29.0,6-8,80,210,Forward
1626166,Cameron Payne,NYK,30.0,6-3,75,183,Guard
1627747,Caris LeVert,ATL,30.0,6-6,78,205,Guard
1641717,Cason Wallace,OKC,21.0,6-3,75,195,Guard
1629646,Charles Bassey,SAS,24.0,6-10,82,230,Center-Forward
1631096,Chet Holmgren,OKC,23.0,7-1,85,208,Center-Forward
1628449,Chris Boucher,TOR,32.0,6-9,81,200,Forward
1630537,Chris Duarte,CHI,28.0,6-5,77,190,Guard
1641753,Chris Livingston,MIL,21.0,6-6,78,220,Forward
101108,Chris Paul,SAS,40.0,6-0,72,175,Guard
1631128,Christian Braun,DEN,24.0,6-6,78,220,Guard
1631132,Christian Koloko,LAL,25.0,7-0,84,225,Center
1629643,Chuma Okeke,CLE,26.0,6-7,79,229,Forward
203991,Clint Capela,ATL,31.0,6-10,82,256,Center
1629632,Coby White,CHI,25.0,6-5,77,195,Guard
1628998,Cody Martin,PHX,29.0,6-6,78,205,Forward
1642262,Cody Williams,UTA,20.0,6-7,79,190,Forward
1641732,Colby Jones,WAS,23.0,6-6,78,207,Guard
1630175,Cole Anthony,MEM,25.0,6-2,74,185,Guard
1631306,Cole Swider,IND,26.0,6-8,80,220,Forward
1630658,Colin Castleton,TOR,25.0,6-10,82,250,Center
1631221,Collin Gillespie,PHX,26.0,6-1,73,195,Guard
1629012,Collin Sexton,UTA,26.0,6-3,75,190,Guard
1630557,Corey Kispert,WAS,26.0,6-6,78,224,Forward
202709,Cory Joseph,ORL,33.0,6-2,74,200,Guard
1641854,Craig Porter Jr.,CLE,25.0,6-1,73,180,Guard
1642385,Cui Cui,BKN,22.0,6-5,77,190,Forward
1626156,D'Angelo Russell,BKN,29.0,6-3,75,193,Guard
1630618,D.J. Carton,TOR,24.0,6-3,75,200,Guard
1629610,DaQuan Jeffries,CHA,27.0,6-5,77,222,Guard-Forward
1631342,Daeqwon Plowden,ATL,26.0,6-6,78,216,Guard-Forward
1630227,Daishen Nix,MIN,23.0,6-4,76,238,Guard
1630625,Dalano Banton,POR,25.0,6-8,80,203,Forward
1631207,Dalen Terry,CHI,22.0,6-7,79,195,Forward
1642261,Dalton Knecht,LAL,24.0,6-6,78,215,Forward
203081,Damian Lillard,MIL,34.0,6-2,74,195,Guard
1641878,Damion Baugh,CHA,24.0,6-4,76,194,Guard
1627814,Damion Lee,PHX,32.0,6-6,78,210,Guard-Forward
1629655,Daniel Gafford,DAL,26.0,6-10,82,265,Forward-Center
1628464,Daniel Theis,NOP,33.0,6-8,80,245,Forward-Center
1642450,Daniss Jenkins,DET,23.0,6-3,75,165,Guard
203957,Danté Exum,DAL,29.0,6-5,77,214,Guard
203967,Dario Šarić,DEN,31.0,6-10,82,225,Forward-Center
1641727,Dariq Whitehead,BKN,20.0,6-6,78,220,Guard-Forward
1629636,Darius Garland,CLE,25.0,6-1,73,192,Guard
1630561,David Duke Jr.,SAS,25.0,6-4,76,204,Guard
1631223,David Roddy,HOU,24.0,6-4,76,255,Forward
1630558,Davion Mitchell,MIA,26.0,6-0,72,202,Guard
1630549,Day'Ron Sharpe,BKN,23.0,6-9,81,265,Center
1628368,De'Aaron Fox,SAS,27.0,6-3,75,185,Guard
1629631,De'Andre Hunter,CLE,27.0,6-8,80,221,Forward-Guard
1629001,De'Anthony Melton,BKN,27.0,6-3,75,200,Guard
201599,DeAndre Jordan,DEN,36.0,6-11,83,265,Center
201942,DeMar DeRozan,SAC,35.0,6-6,78,220,Guard-Forward
1629731,Dean Wade,CLE,28.0,6-9,81,228,Forward-Center
1629028,Deandre Ayton,POR,26.0,7-0,84,252,Center
1627749,Dejounte Murray,NOP,28.0,6-4,76,180,Guard
1626153,Delon Wright,NYK,33.0,6-5,77,185,Guard
1630166,Deni Avdija,POR,24.0,6-9,81,240,Forward
203471,Dennis Schröder,DET,31.0,6-1,73,175,Guard
1641726,Dereck Lively II,DAL,21.0,7-1,85,230,Center
1627884,Derrick Jones Jr.,LAC,28.0,6-6,78,210,Forward
1628401,Derrick White,BOS,30.0,6-4,76,190,Guard
1630217,Desmond Bane,ORL,27.0,6-5,77,215,Guard
1626164,Devin Booker,PHX,28.0,6-6,78,206,Guard
1642269,Devin Carter,SAC,23.0,6-2,74,195,Guard
1630170,Devin Vassell,SAS,24.0,6-5,77,200,Guard-Forward
1628415,Dillon Brooks,HOU,29.0,6-6,78,225,Guard-Forward
1641794,Dillon Jones,OKC,23.0,6-5,77,235,Forward
1627734,Domantas Sabonis,SAC,29.0,6-10,82,240,Forward-Center
1631230,Dominick Barlow,ATL,22.0,6-8,80,215,Forward
1642270,Donovan Clingan,POR,21.0,7-2,86,280,Center
1628378,Donovan Mitchell,CLE,28.0,6-3,75,215,Guard
1628978,Donte DiVincenzo,MIN,28.0,6-4,76,203,Guard
1627827,Dorian Finney-Smith,LAL,32.0,6-7,79,220,Forward
203926,Doug McDermott,SAC,33.0,6-6,78,225,Forward
203110,Draymond Green,GSW,35.0,6-6,78,230,Forward
1629234,Drew Eubanks,LAC,28.0,6-10,82,245,Forward-Center
1641809,Drew Peterson,BOS,25.0,6-9,81,205,Forward
1631166,Drew Timme,BKN,24.0,6-10,82,235,Forward
1630696,Dru Smith,MIA,27.0,6-2,74,203,Guard
1629130,Duncan Robinson,MIA,31.0,6-7,79,215,Forward
1641871,Duop Reath,POR,29.0,6-9,81,245,Center
203939,Dwight Powell,DAL,33.0,6-10,82,240,Forward-Center
1630700,Dyson Daniels,ATL,22.0,6-7,79,199,Guard
1630604,E.J. Liddell,CHI,24.0,6-6,78,240,Forward
203901,Elfrid Payton,NOP,31.0,6-3,75,195,Guard
1641989,Elijah Harkless,UTA,25.0,6-3,75,195,Guard
1641801,Emanuel Miller,CHI,25.0,6-7,79,215,Forward
1641734,Emoni Bates,CLE,21.0,6-8,80,202,Forward
1642402,Enrique Freeman,IND,24.0,6-7,79,220,Forward
201569,Eric Gordon,PHI,36.0,6-3,75,215,Guard
1630596,Evan Mobley,CLE,24.0,6-11,83,215,Center
1630532,Franz Wagner,ORL,23.0,6-10,82,220,Forward
1627832,Fred VanVleet,HOU,31.0,6-0,72,197,Guard
1641713,GG Jackson,MEM,20.0,6-9,81,210,Forward
1629216,Gabe Vincent,LAL,29.0,6-2,74,200,Guard
202066,Garrett Temple,TOR,39.0,6-5,77,195,Guard-Forward
1629726,Garrison Mathews,ATL,28.0,6-6,78,215,Guard
203914,Gary Harris,ORL,30.0,6-4,76,210,Guard
1627780,Gary Payton II,GSW,32.0,6-2,74,195,Guard
1629018,Gary Trent Jr.,MIL,26.0,6-5,77,204,Guard
1627777,Georges Niang,ATL,32.0,6-7,79,230,Forward
203507,Giannis Antetokounmpo,MIL,30.0,6-11,83,243,Forward
1629048,Goga Bitadze,ORL,25.0,6-10,82,250,Center-Forward
1641711,Gradey Dick,TOR,21.0,6-6,78,200,Guard-Forward
1629684,Grant Williams,CHA,26.0,6-6,78,236,Forward
1628960,Grayson Allen,PHX,29.0,6-4,76,198,Guard
1627824,Guerschon Yabusele,PHI,29.0,6-8,80,265,Forward
1630611,Gui Santos,GSW,23.0,6-6,78,185,Forward
203084,Harrison Barnes,SAS,33.0,6-8,80,225,Forward
1631127,Harrison Ingram,SAS,22.0,6-5,77,230,Forward
1629312,Haywood Highsmith,MIA,28.0,6-5,77,220,Forward
1630529,Herbert Jones,NOP,26.0,6-7,79,206,Forward
1641816,Hunter Tyson,DEN,25.0,6-8,80,215,Forward
1630193,Immanuel Quickley,TOR,26.0,6-2,74,190,Guard
1642403,Isaac Jones,SAC,24.0,6-9,81,245,Forward
1630171,Isaac Okoro,CLE,24.0,6-5,77,225,Forward-Guard
1642268,Isaiah Collier,UTA,20.0,6-3,75,210,Guard
1642384,Isaiah Crawford,SAC,23.0,6-6,78,220,Forward
1628392,Isaiah Hartenstein,OKC,27.0,7-0,84,250,Center-Forward
1630543,Isaiah Jackson,IND,23.0,6-9,81,205,Forward
1630198,Isaiah Joe,OKC,25.0,6-3,75,165,Guard
1630600,Isaiah Mobley,PHI,25.0,6-8,80,238,Forward
1641815,Isaiah Stevens,MIA,24.0,6-0,72,185,Guard
1630191,Isaiah Stewart,DET,24.0,6-8,80,250,Forward-Center
1631209,Isaiah Wong,CHA,24.0,6-3,75,185,Guard
1627826,Ivica Zubac,LAC,28.0,7-0,84,240,Center
1631120,JD Davison,BOS,22.0,6-1,73,195,Guard
1630550,JT Thor,WAS,22.0,6-9,81,203,Forward
1629630,Ja Morant,MEM,25.0,6-2,74,174,Guard
1642266,Ja'Kobe Walter,TOR,20.0,6-5,77,180,Guard
1631095,Jabari Smith Jr.,HOU,22.0,6-10,82,220,Forward
1631133,Jabari Walker,POR,22.0,6-7,79,237,Forward
1629098,Jack McVeigh,HOU,29.0,6-8,80,215,Guard-Forward
1642050,Jackson Rowe,GSW,28.0,6-7,79,210,Forward
1631210,Jacob Toppin,ATL,25.0,6-8,80,200,Forward
1630702,Jaden Hardy,DAL,22.0,6-3,75,198,Guard
1631093,Jaden Ivey,DET,23.0,6-4,76,195,Guard
1630183,Jaden McDaniels,MIN,24.0,6-9,81,185,Forward
1630531,Jaden Springer,UTA,22.0,6-4,76,202,Guard
203109,Jae Crowder,SAC,34.0,6-6,78,235,Forward
1630256,Jae'Sean Tate,HOU,29.0,6-4,76,230,Forward
1626143,Jahlil Okafor,IND,29.0,6-10,82,270,Center-Forward
1642443,Jahmir Young,CHI,24.0,6-1,73,185,Guard
1631170,Jaime Jaquez Jr.,MIA,24.0,6-6,78,225,Guard
1631222,Jake LaRavia,SAC,23.0,6-7,79,235,Forward
1627751,Jakob Poeltl,TOR,29.0,7-0,84,260,Center
1641779,Jalen Bridges,PHX,24.0,6-8,80,225,Forward
1628973,Jalen Brunson,NYK,28.0,6-2,74,190,Guard
1631105,Jalen Duren,DET,21.0,6-10,82,250,Center
1630224,Jalen Green,HOU,23.0,6-4,76,186,Guard
1641720,Jalen Hood-Schifino,PHI,22.0,6-5,77,210,Guard
1630552,Jalen Johnson,ATL,23.0,6-8,80,219,Forward
1629667,Jalen McDaniels,SAC,27.0,6-9,81,190,Forward
1629618,Jalen Pickett,DEN,25.0,6-2,74,202,Guard
1630188,Jalen Smith,CHI,25.0,6-9,81,215,Forward-Center
1630591,Jalen Suggs,ORL,24.0,6-5,77,205,Guard
1631114,Jalen Williams,OKC,24.0,6-5,77,211,Guard-Forward
1630592,Jalen Wilson,BKN,24.0,6-6,78,220,Forward
1631288,Jamal Cain,NOP,26.0,6-6,78,191,Forward
1627750,Jamal Murray,DEN,28.0,6-4,76,215,Guard
1642347,Jamal Shead,TOR,22.0,6-1,73,200,Guard
1631123,Jamaree Bouyea,MIL,26.0,6-2,74,180,Guard
201935,James Harden,LAC,35.0,6-5,77,220,Guard
201949,James Johnson,IND,38.0,6-7,79,240,Forward
1630164,James Wiseman,IND,24.0,6-11,83,240,Center
1642419,Jamison Battle,TOR,24.0,6-7,79,220,Forward
1641716,Jarace Walker,IND,21.0,6-7,79,235,Forward
1630215,Jared Butler,PHI,24.0,6-3,75,193,Guard
1642272,Jared McCain,PHI,21.0,6-3,75,195,Guard
1631197,Jared Rhoden,TOR,25.0,6-5,77,210,Guard
1628991,Jaren Jackson Jr.,MEM,25.0,6-10,82,242,Forward-Center
1629020,Jarred Vanderbilt,LAL,26.0,6-8,80,214,Forward
1628386,Jarrett Allen,CLE,27.0,6-9,81,243,Center
1629750,Javonte Green,CLE,31.0,6-5,77,205,Guard
1629637,Jaxson Hayes,LAL,25.0,7-0,84,220,Center-Forward
1630643,Jay Huff,MEM,27.0,7-1,85,240,Center
1627759,Jaylen Brown,BOS,28.0,6-6,78,223,Guard-Forward
1641740,Jaylen Clark,MIN,23.0,6-4,76,205,Guard
1641798,Jaylen Martin,WAS,21.0,6-6,78,216,Guard
1629669,Jaylen Nowell,WAS,25.0,6-4,76,201,Guard
1631301,Jaylen Sims,CHA,26.0,6-6,78,210,Guard
1642377,Jaylen Wells,MEM,21.0,6-8,80,,Forward
1631119,Jaylin Williams,OKC,23.0,6-9,81,240,Forward
1642281,Jaylon Tyson,CLE,22.0,6-6,78,215,Guard-Forward
1628369,Jayson Tatum,BOS,27.0,6-8,80,210,Forward-Guard
1641789,Jazian Gortman,DAL,22.0,6-2,74,184,Guard
1630288,Jeff Dowtin Jr.,PHI,28.0,6-3,75,177,Guard
201145,Jeff Green,HOU,38.0,6-8,80,235,Forward
203924,Jerami Grant,POR,31.0,6-7,79,210,Forward
1630526,Jeremiah Robinson-Earl,NOP,24.0,6-8,80,240,Forward
1631110,Jeremy Sochan,SAS,22.0,6-8,80,230,Forward
1630579,Jericho Sims,MIL,26.0,6-10,82,250,Center
1642399,Jesse Edwards,MIN,25.0,7-0,84,236,Center
1641724,Jett Howard,ORL,21.0,6-6,78,215,Guard
1628975,Jevon Carter,CHI,29.0,6-1,73,200,Guard
202710,Jimmy Butler III,GSW,35.0,6-7,79,230,Forward
1629111,Jock Landale,HOU,29.0,6-11,83,255,Center
204060,Joe Ingles,MIN,37.0,6-8,80,220,Forward-Guard
203954,Joel Embiid,PHI,31.0,7-0,84,280,Center-Forward
1628381,John Collins,UTA,27.0,6-9,81,226,Forward-Center
1629723,John Konchar,MEM,29.0,6-5,77,210,Guard
1631098,Johnny Davis,WAS,23.0,6-4,76,195,Guard
1642277,Johnny Furphy,IND,20.0,6-9,81,200,Guard
1630548,Johnny Juzang,UTA,24.0,6-5,77,226,Guard
202685,Jonas Valančiūnas,SAC,33.0,6-11,83,265,Center
1628371,Jonathan Isaac,ORL,27.0,6-10,82,230,Forward
1630228,Jonathan Kuminga,GSW,22.0,6-7,79,225,Forward
1642367,Jonathan Mogbo,TOR,23.0,6-9,81,225,Forward
203903,Jordan Clarkson,UTA,33.0,6-3,75,194,Guard
1630692,Jordan Goodwin,LAL,26.0,6-5,77,215,Guard
1641722,Jordan Hawkins,NOP,23.0,6-5,77,190,Guard
1629162,Jordan McLaughlin,SAS,29.0,6-0,72,185,Guard
1641757,Jordan Miller,LAC,25.0,6-5,77,194,Guard
1629673,Jordan Poole,WAS,26.0,6-4,76,194,Guard
1641775,Jordan Walsh,BOS,21.0,6-6,78,205,Guard
1630631,Jose Alvarado,NOP,27.0,6-0,72,179,Guard
1630528,Josh Christopher,MIA,23.0,6-4,76,215,Guard
1630581,Josh Giddey,CHI,22.0,6-8,80,216,Guard
1630182,Josh Green,CHA,24.0,6-5,77,200,Guard
1628404,Josh Hart,NYK,30.0,6-4,76,215,Guard
1631169,Josh Minott,MIN,22.0,6-8,80,205,Forward
1629006,Josh Okogie,CHA,26.0,6-4,76,213,Guard
1626196,Josh Richardson,MIA,31.0,6-5,77,200,Guard
201950,Jrue Holiday,BOS,35.0,6-4,76,205,Guard
1630577,Julian Champagnie,SAS,24.0,6-7,79,217,Forward
1641763,Julian Phillips,CHI,21.0,6-8,80,198,Forward
1631124,Julian Strawther,DEN,23.0,6-6,78,205,Guard
203944,Julius Randle,MIN,30.0,6-9,81,250,Forward-Center
1630551,Justin Champagnie,WAS,24.0,6-6,78,206,Guard-Forward
1642348,Justin Edwards,PHI,21.0,6-7,79,203,Forward
1631303,Justin Minaya,POR,26.0,6-5,77,205,Forward
203994,Jusuf Nurkić,CHA,30.0,7-0,84,290,Center
1630231,KJ Martin,UTA,24.0,6-6,78,215,Forward
1642354,KJ Simpson,CHA,22.0,6-0,72,189,Guard
1630539,Kai Jones,DAL,24.0,6-11,83,221,Center-Forward
1626157,Karl-Anthony Towns,NYK,29.0,7-0,84,248,Center-Forward
1631255,Karlo Matković,NOP,24.0,6-10,82,231,Forward-Center
202695,Kawhi Leonard,LAC,34.0,6-7,79,225,Forward
1630811,Keaton Wallace,ATL,26.0,6-3,75,185,Guard
1631099,Keegan Murray,SAC,24.0,6-8,80,225,Forward
1631232,Keion Brooks Jr.,NOP,24.0,6-7,79,210,Forward
1642276,Kel'el Ware,MIA,21.0,7-0,84,230,Center
1629640,Keldon Johnson,SAS,25.0,6-5,77,220,Forward-Guard
203482,Kelly Olynyk,NOP,34.0,6-11,83,240,Forward-Center
1626162,Kelly Oubre Jr.,PHI,29.0,6-8,80,203,Forward-Guard
1629026,Kenrich Williams,OKC,30.0,6-6,78,210,Guard-Forward
203484,Kentavious Caldwell-Pope,MEM,32.0,6-5,77,204,Guard
1631165,Keon Ellis,SAC,25.0,6-4,76,175,Guard
1630553,Keon Johnson,BKN,23.0,6-5,77,185,Guard
1642352,Keshad Johnson,MIA,24.0,6-7,79,225,Forward
1630556,Kessler Edwards,DAL,24.0,6-7,79,203,Forward
201142,Kevin Durant,PHX,36.0,6-11,83,240,Forward
1628989,Kevin Huerter,CHI,26.0,6-7,79,198,Guard-Forward
1628995,Kevin Knox II,GSW,25.0,6-8,80,215,Forward
201567,Kevin Love,MIA,36.0,6-8,80,251,Forward-Center
1641755,Kevin McCullar Jr.,NYK,24.0,6-6,78,210,Guard
1629645,Kevin Porter Jr.,MIL,25.0,6-4,76,203,Guard-Forward
1626172,Kevon Looney,GSW,29.0,6-9,81,222,Forward
1641718,Keyonte George,UTA,21.0,6-4,76,185,Guard
203114,Khris Middleton,WAS,33.0,6-7,79,222,Forward
1630165,Killian Hayes,BKN,23.0,6-5,77,195,Guard
202691,Klay Thompson,DAL,35.0,6-5,77,220,Guard
1641738,Kobe Brown,LAC,25.0,6-7,79,250,Forward
1641723,Kobe Bufkin,ATL,21.0,6-4,76,195,Guard
1627739,Kris Dunn,LAC,31.0,6-3,75,205,Guard
1631200,Kris Murray,POR,24.0,6-8,80,216,Forward
204001,Kristaps Porziņģis,BOS,29.0,7-2,86,240,Forward-Center
203937,Kyle Anderson,MIA,31.0,6-9,81,230,Forward-Guard
1642271,Kyle Filipowski,UTA,21.0,6-11,83,250,Center
1628398,Kyle Kuzma,MIL,29.0,6-9,81,221,Forward
200768,Kyle Lowry,PHI,39.0,6-0,72,196,Guard
1630283,Kylor Kelley,LAL,27.0,7-0,84,215,Center
202681,Kyrie Irving,DAL,33.0,6-2,74,195,Guard
1642273,Kyshawn George,WAS,21.0,6-8,80,200,Forward
1630163,LaMelo Ball,CHA,23.0,6-7,79,180,Guard
1630205,Lamar Stevens,MEM,27.0,6-7,79,230,Forward
1629013,Landry Shamet,NYK,28.0,6-4,76,190,Guard
1626204,Larry Nance Jr.,ATL,32.0,6-8,80,245,Forward-Center
1628374,Lauri Markkanen,UTA,28.0,7-0,84,240,Forward-Center
2544,LeBron James,LAL,40.0,6-9,81,250,Forward
1631159,Leonard Miller,MIN,21.0,6-10,82,220,Forward
1631311,Lester Quinones,NOP,24.0,6-4,76,208,Guard
1641857,Liam Robbins,MIL,25.0,7-0,84,250,Center
1630322,Lindy Waters III,DET,27.0,6-6,78,210,Forward
1629022,Lonnie Walker IV,PHI,26.0,6-4,76,204,Guard-Forward
1628366,Lonzo Ball,CHI,27.0,6-6,78,190,Guard
1629652,Luguentz Dort,OKC,26.0,6-4,76,220,Guard
1629029,Luka Dončić,LAL,26.0,6-6,78,230,Forward-Guard
1630568,Luka Garza,MIN,26.0,6-10,82,243,Center
1628379,Luke Kennard,MEM,29.0,6-5,77,206,Guard
1628436,Luke Kornet,BOS,29.0,7-1,85,250,Center-Forward
1631247,Luke Travers,CLE,23.0,6-7,79,207,Forward
1630644,Mac McClung,ORL,26.0,6-2,74,185,Guard
1630201,Malachi Flynn,SAS,27.0,6-1,73,185,Guard
1631103,Malaki Branham,SAS,22.0,6-4,76,180,Forward
1627763,Malcolm Brogdon,WAS,32.0,6-4,76,229,Guard
1642502,Malevy Leons,OKC,25.0,6-9,81,210,Forward
1627736,Malik Beasley,DET,28.0,6-4,76,187,Guard
1628370,Malik Monk,SAC,27.0,6-3,75,200,Guard
1630699,MarJon Beauchamp,NYK,24.0,6-7,79,199,Forward
1630542,Marcus Bagley,PHI,23.0,6-6,78,217,Forward
1630585,Marcus Garrett,CHA,26.0,6-5,77,205,Guard
1631204,Marcus Sasser,DET,24.0,6-2,74,195,Guard
203935,Marcus Smart,WAS,31.0,6-3,75,220,Guard
1631109,Mark Williams,CHA,23.0,7-0,84,240,Center
1628365,Markelle Fultz,SAC,27.0,6-4,76,209,Guard
202693,Markieff Morris,LAL,35.0,6-9,81,245,Forward
1628963,Marvin Bagley III,MEM,26.0,6-10,82,235,Forward
1630222,Mason Jones,SAC,26.0,6-4,76,200,Guard
203486,Mason Plumlee,PHX,35.0,6-10,82,254,Forward-Center
1641824,Matas Buzelis,CHI,20.0,6-10,82,209,Forward
1629680,Matisse Thybulle,POR,28.0,6-5,77,201,Guard-Forward
1630346,Matt Ryan,NOP,28.0,6-6,78,215,Forward
1631108,Max Christie,DAL,22.0,6-5,77,190,Guard
1629622,Max Strus,CLE,29.0,6-5,77,215,Guard-Forward
1628467,Maxi Kleber,LAL,33.0,6-10,82,240,Forward
1641721,Maxwell Lewis,BKN,22.0,6-7,79,215,Forward
1630695,Micah Potter,UTA,27.0,6-9,81,248,Center
1629008,Michael Porter Jr.,DEN,27.0,6-10,82,218,Forward
1628969,Mikal Bridges,NYK,28.0,6-6,78,209,Guard-Forward
201144,Mike Conley,MIN,37.0,6-0,72,175,Guard
1628970,Miles Bridges,CHA,27.0,6-7,79,225,Forward
1630540,Miles McBride,NYK,24.0,6-1,73,195,Guard
1641936,Miles Norris,BOS,25.0,6-7,79,220,Forward
1629011,Mitchell Robinson,NYK,27.0,7-0,84,240,Center-Forward
1628964,Mo Bamba,NOP,27.0,7-0,84,231,Center
1628420,Monté Morris,PHX,30.0,6-2,74,183,Guard
1629021,Moritz Wagner,ORL,28.0,6-11,83,245,Forward-Center
1629650,Moses Brown,DAL,25.0,7-2,86,258,Center
1630541,Moses Moody,GSW,23.0,6-5,77,211,Guard
1631243,Mouhamed Gueye,ATL,22.0,6-10,82,210,Forward
1631217,Moussa Diabaté,CHA,23.0,6-9,81,210,Forward
1626167,Myles Turner,IND,29.0,6-11,83,250,Center-Forward
1642368,N'Faly Dante,HOU,23.0,6-11,83,230,Center
1641772,Nae'Qwan Tomlin,CLE,24.0,6-10,82,210,Forward
1630230,Naji Marshall,DAL,27.0,6-6,78,220,Forward
1631466,Nate Williams,HOU,26.0,6-5,77,205,Guard
1629675,Naz Reid,MIN,25.0,6-9,81,264,Center-Forward
1629674,Neemias Queta,BOS,25.0,7-0,84,248,Center
1629651,Nic Claxton,BKN,26.0,6-11,83,215,Center
1630208,Nick Richards,PHX,27.0,7-0,84,245,Center
1641733,Nick Smith Jr.,CHA,21.0,6-2,74,185,Guard
1629638,Nickeil Alexander-Walker,MIN,26.0,6-5,77,205,Guard
201587,Nicolas Batum,LAC,36.0,6-8,80,230,Guard-Forward
203999,Nikola Jokić,DEN,30.0,6-11,83,284,Center
1631107,Nikola Jović,MIA,22.0,6-10,82,205,Forward
202696,Nikola Vučević,CHI,34.0,6-10,82,260,Center
1641730,Noah Clowney,BKN,20.0,6-9,81,210,Forward-Center
1626181,Norman Powell,LAC,32.0,6-4,76,215,Guard
1628384,OG Anunoby,NYK,27.0,6-7,79,240,Forward-Guard
1630167,Obi Toppin,IND,27.0,6-9,81,220,Forward
1630534,Ochai Agbaji,TOR,25.0,6-5,77,215,Guard
1641765,Olivier-Maxence Prosper,DAL,22.0,6-7,79,230,Forward
1630168,Onyeka Okongwu,ATL,24.0,6-10,82,240,Forward-Center
1631115,Orlando Robinson,TOR,24.0,6-10,82,235,Center
1631131,Oscar Tshiebwe,UTA,25.0,6-8,80,255,Forward-Center
1629052,Oshae Brissett,PHI,27.0,6-7,79,210,Forward-Guard
1642345,Oso Ighodaro,PHX,22.0,7-0,84,235,Forward
1631172,Ousmane Dieng,OKC,22.0,6-9,81,185,Forward
200782,P.J. Tucker,NYK,40.0,6-5,77,245,Forward
1629023,P.J. Washington,DAL,26.0,6-6,78,230,Forward
1628408,PJ Dozier,MIN,28.0,6-6,78,205,Guard-Forward
1641790,PJ Hall,DEN,23.0,6-10,82,245,Center
1642359,Pacôme Dadiet,NYK,19.0,6-8,80,210,Forward
1631094,Paolo Banchero,ORL,22.0,6-10,82,250,Forward
1627783,Pascal Siakam,IND,31.0,6-8,80,245,Forward
1626192,Pat Connaughton,MIL,32.0,6-5,77,209,Guard
1630311,Pat Spencer,GSW,28.0,6-3,75,205,Guard
1631116,Patrick Baldwin Jr.,LAC,22.0,6-9,81,220,Forward
1630172,Patrick Williams,CHI,23.0,6-7,79,215,Forward
201988,Patty Mills,LAC,36.0,6-2,74,180,Guard
202331,Paul George,PHI,35.0,6-8,80,220,Forward
1630194,Paul Reed,DET,26.0,6-9,81,210,Forward
1630202,Payton Pritchard,BOS,27.0,6-1,73,195,Guard
1641796,Pelle Larsson,MIA,24.0,6-5,77,215,Guard
1631250,Pete Nance,MIL,25.0,6-10,82,225,Forward
1631212,Peyton Watson,DEN,22.0,6-7,79,200,Guard
1630762,Phillip Wheeler,PHI,23.0,6-8,80,185,Forward
1630173,Precious Achiuwa,NYK,25.0,6-8,80,243,Forward
1629656,Quentin Grimes,PHI,25.0,6-4,76,210,Guard
1631245,Quenton Jackson,IND,26.0,6-5,77,173,Guard
1642439,Quincy Olivari,LAL,24.0,6-3,75,200,Guard
1642366,Quinten Post,GSW,25.0,7-0,84,238,Center
1629628,RJ Barrett,TOR,25.0,6-6,78,214,Forward-Guard
1642484,RayJ Dennis,IND,24.0,6-2,74,180,Guard
1641712,Rayan Rupert,POR,21.0,6-6,78,195,Guard-Forward
1641736,Reece Beekman,BKN,23.0,6-3,75,190,Guard
1642263,Reed Sheppard,HOU,21.0,6-2,74,185,Guard
202704,Reggie Jackson,PHI,35.0,6-2,74,208,Guard
1626158,Richaun Holmes,WAS,31.0,6-9,81,235,Forward
1641741,Ricky Council IV,PHI,23.0,6-6,78,207,Guard
1642434,Riley Minix,SAS,24.0,6-7,79,230,Forward
1642265,Rob Dillingham,MIN,20.0,6-3,75,175,Guard
1629057,Robert Williams III,POR,27.0,6-9,81,249,Center-Forward
1631199,Ron Harper Jr.,DET,25.0,6-4,76,233,Guard-Forward
1641842,Ronald Holland II,DET,19.0,6-8,80,206,Forward
1626220,Royce O'Neale,PHX,32.0,6-6,78,226,Forward
203497,Rudy Gobert,MIN,33.0,7-1,85,258,Center
1629060,Rui Hachimura,LAL,27.0,6-8,80,230,Forward
201566,Russell Westbrook,DEN,36.0,6-4,76,200,Guard
1642346,Ryan Dunn,PHX,22.0,6-8,80,216,Forward
1631157,Ryan Rollins,MIL,22.0,6-3,75,180,Guard
1630573,Sam Hauser,BOS,27.0,6-7,79,217,Forward
1630241,Sam Merrill,CLE,29.0,6-4,76,205,Guard
1630572,Sandro Mamukelashvili,SAS,26.0,6-9,81,240,Forward-Center
1630583,Santi Aldama,MEM,24.0,7-0,84,215,Forward-Center
1630703,Scoot Henderson,POR,21.0,6-3,75,206,Guard
1630567,Scottie Barnes,TOR,23.0,6-7,79,237,Forward-Guard
1630590,Scotty Pippen Jr.,MEM,24.0,6-1,73,170,Guard
203552,Seth Curry,CHA,34.0,6-1,73,185,Guard
1631101,Shaedon Sharpe,POR,22.0,6-5,77,208,Guard
1628983,Shai Gilgeous-Alexander,OKC,26.0,6-6,78,195,Guard
1629003,Shake Milton,LAL,28.0,6-5,77,205,Guard
1631321,Sidy Cissoko,POR,21.0,6-6,78,200,Guard
1631323,Simone Fontecchio,DET,29.0,6-7,79,209,Forward
1627746,Skal Labissiere,SAC,29.0,6-10,82,235,Forward-Center
203915,Spencer Dinwiddie,DAL,32.0,6-5,77,215,Guard
1642461,Spencer Jones,DEN,24.0,6-7,79,225,Forward
1630649,Stanley Umude,MIL,26.0,6-6,78,210,Guard
201939,Stephen Curry,GSW,37.0,6-2,74,185,Guard
1642264,Stephon Castle,SAS,20.0,6-6,78,215,Guard
203500,Steven Adams,HOU,31.0,6-11,83,265,Center
1629004,Svi Mykhailiuk,UTA,28.0,6-7,79,205,Guard-Forward
204456,T.J. McConnell,IND,33.0,6-1,73,190,Guard
201959,Taj Gibson,CHA,40.0,6-9,81,232,Forward
1629659,Talen Horton-Tucker,CHI,24.0,6-4,76,234,Guard
1631106,Tari Eason,HOU,24.0,6-8,80,215,Forward
1627752,Taurean Prince,MIL,31.0,6-6,78,218,Forward
1641707,Taylor Hendricks,UTA,21.0,6-9,81,215,Forward
1631386,Taze Moore,POR,27.0,6-5,77,195,Guard
1629611,Terance Mann,ATL,28.0,6-5,77,215,Guard-Forward
1629056,Terence Davis,SAC,28.0,6-4,76,201,Guard
1630545,Terrence Shannon Jr.,MIN,24.0,6-6,78,215,Guard-Forward
1626179,Terry Rozier,MIA,31.0,6-1,73,190,Guard
1630678,Terry Taylor,SAC,25.0,6-4,76,230,Forward
1628418,Thomas Bryant,IND,27.0,6-10,82,248,Center-Forward
1642275,Tidjane Salaün,CHA,19.0,6-8,80,207,Forward
203501,Tim Hardaway Jr.,DET,33.0,6-5,77,205,Guard-Forward
202699,Tobias Harris,DET,32.0,6-8,80,226,Forward
1642449,Tolu Smith,DET,24.0,6-11,83,,Forward
1628396,Tony Bradley,IND,27.0,6-11,83,248,Center-Forward
1628470,Torrey Craig,BOS,34.0,6-5,77,221,Forward
1641787,Tosan Evbuomwan,BKN,24.0,6-7,79,217,Forward
1641739,Toumani Camara,POR,25.0,6-7,79,229,Forward
1629027,Trae Young,ATL,26.0,6-1,73,164,Guard
1631218,Trayce Jackson-Davis,GSW,25.0,6-9,81,245,Forward
1630200,Tre Jones,CHI,25.0,6-1,73,185,Guard
1630544,Tre Mann,CHA,24.0,6-3,75,178,Guard
1630570,Trendon Watford,BKN,24.0,6-8,80,237,Guard-Forward
1642280,Trentyn Flowers,LAC,20.0,6-9,81,185,Forward
1630243,Trevelin Queen,ORL,28.0,6-5,77,190,Guard
1641725,Trey Alexander,DEN,22.0,6-4,76,185,Guard
1641998,Trey Jemison III,LAL,25.0,6-11,83,270,Center
1626168,Trey Lyles,SAC,29.0,6-9,81,234,Forward
1630530,Trey Murphy III,NOP,25.0,6-8,80,206,Forward
202684,Tristan Thompson,CLE,34.0,6-9,81,254,Center-Forward
1641774,Tristan Vukcevic,WAS,22.0,7-0,84,220,Forward
1641783,Tristan da Silva,ORL,24.0,6-8,80,217,Forward
1641803,Tristen Newton,MIN,24.0,6-5,77,190,Guard
1629660,Ty Jerome,CLE,27.0,6-5,77,195,Guard-Forward
1631102,TyTy Washington Jr.,PHX,23.0,6-3,75,195,Guard
1629639,Tyler Herro,MIA,25.0,6-5,77,195,Guard
1642278,Tyler Kolek,NYK,24.0,6-3,75,195,Guard
1641890,Tyler Smith,MIL,20.0,6-9,81,224,Forward
1630169,Tyrese Haliburton,IND,25.0,6-5,77,185,Guard
1631213,Tyrese Martin,BKN,26.0,6-6,78,215,Forward
1630178,Tyrese Maxey,PHI,24.0,6-2,74,200,Guard
1630623,Tyson Etienne,BKN,25.0,6-2,74,200,Guard
1626145,Tyus Jones,PHX,29.0,6-1,73,196,Guard
1642279,Ulrich Chomche,TOR,19.0,6-11,83,235,Center
203995,Vasilije Micic,PHX,31.0,6-3,75,188,Guard
1641705,Victor Wembanyama,SAS,21.0,7-3,87,235,Forward-Center
1631246,Vince Williams Jr.,MEM,24.0,6-4,76,205,Guard
1628427,Vlatko Čančar,DEN,28.0,6-8,80,236,Forward
1630249,Vít Krejčí,ATL,25.0,6-8,80,195,Guard
1631117,Walker Kessler,UTA,23.0,7-0,84,245,Center
1628976,Wendell Carter Jr.,ORL,26.0,6-10,82,270,Center-Forward
1631111,Wendell Moore Jr.,CHA,23.0,6-5,77,215,Guard
1630214,Xavier Tillman,BOS,26.0,6-7,79,245,Forward
1642530,Yuki Kawamura,MEM,24.0,5-8,68,159,Guard
1641879,Yuri Collins,GSW,24.0,6-0,72,190,Guard
1642274,Yves Missi,NOP,21.0,6-11,83,235,Center
1642258,Zaccharie Risacher,ATL,20.0,6-8,80,200,Forward
1628380,Zach Collins,CHI,27.0,6-11,83,250,Forward-Center
1641744,Zach Edey,MEM,23.0,7-4,88,305,Center
203897,Zach LaVine,SAC,30.0,6-5,77,200,Guard
1630192,Zeke Nnaji,DEN,24.0,6-9,81,240,Forward-Center
1630533,Ziaire Williams,BKN,23.0,6-9,81,185,Forward
1629627,Zion Williamson,NOP,24.0,6-6,78,284,Forward
1642389,Zyon Pullin,MEM,24.0,6-4,76,206,Guard
